{"cameraMode":{"drawMode":0,"name":"Shaded","section":"Shading Mode"},"sceneLighting":false,"audioPlay":false,"sceneViewState":{"showFog":true,"showMaterialUpdate":false,"showSkybox":true,"showFlares":true,"showImageEffects":true,"showParticleSystems":true},"in2DMode":false,"pivot":{"x":78.4789047241211,"y":73.97506713867188,"z":2.3956246376037599},"rotation":{"x":0.03299028426408768,"y":0.01588904671370983,"z":-0.0005245694192126393,"w":0.9993332028388977},"size":141.15335083007813,"orthographic":false}