{"cameraMode":{"drawMode":0,"name":"Shaded","section":"Shading Mode"},"sceneLighting":false,"audioPlay":false,"sceneViewState":{"showFog":true,"showMaterialUpdate":false,"showSkybox":true,"showFlares":true,"showImageEffects":true,"showParticleSystems":true},"in2DMode":false,"pivot":{"x":-0.7659764289855957,"y":-3.247668981552124,"z":18.61015510559082},"rotation":{"x":-0.11702395975589752,"y":0.016978930681943895,"z":-0.0019999828655272724,"w":-0.9929843544960022},"size":16.550771713256837,"orthographic":false}